City,Longitude,Latitude,Temperature,Humidity,Wind Speed,Cloud Coverage,Country,Date
port-aux-francais,70.2167,-49.35,6.53,87,16.05,99,TF,1689686393
talnakh,88.3972,69.4865,12.87,86,5.86,100,RU,1689686343
bodaybo,114.1933,57.8506,14.63,74,1.2,100,RU,1689686394
chonchi,-73.8092,-42.6128,2.29,83,1.57,100,CL,1689686394
markala,-6.0659,13.7021,36.04,34,2.92,93,ML,1689686395
hasaki,140.8333,35.7333,24.22,84,3.66,100,JP,1689686396
laguna,-121.4238,38.421,18.6,69,3.09,0,US,1689686396
bredasdorp,20.0403,-34.5322,14.83,81,9.22,97,ZA,1689686397
grytviken,-36.5092,-54.2811,-4.93,79,2.91,16,GS,1689686398
udachny,112.4,66.4167,16.07,59,6.24,100,RU,1689686398
stanley,-1.6985,54.868,14.32,90,2.06,75,GB,1689686399
san patricio,-97.5169,28.017,27.26,85,3.88,22,US,1689686399
st. john's,-52.7093,47.5649,23.91,87,7.72,100,CA,1689686309
puerto deseado,-65.8938,-47.7503,0.94,79,5.4,14,AR,1689686400
puerto natales,-72.4875,-51.7236,-5.75,86,2.06,40,CL,1689686401
avarua,-159.775,-21.2078,20.03,100,2.06,75,CK,1689686401
makrana,74.7167,27.05,33.2,54,2.55,100,IN,1689686402
college,-147.8028,64.8569,15.94,83,2.57,75,US,1689686402
nuuk,-51.7216,64.1835,8.34,100,0.51,75,GL,1689686403
santa elena de uairen,-61.1333,4.6167,22.64,75,1.61,84,VE,1689686403
west island,96.8225,-12.1568,24.99,83,7.72,100,CC,1689686404
vorgashor,63.95,67.5833,20.47,67,4.44,93,RU,1689686404
kodiak,-152.4072,57.79,11.73,94,4.12,100,US,1689686405
waitangi,-176.5597,-43.9535,9.9,86,1.34,100,NZ,1689686405
kangiwa,3.8187,12.5521,36.51,34,2.36,33,NG,1689686406
chernyshevskiy,112.4714,63.0128,13.36,61,2.21,79,RU,1689686406
greymouth,171.2,-42.4667,9.36,93,1.92,100,NZ,1689686407
sitka,-135.33,57.0531,13.94,82,0.0,75,US,1689686407
port lincoln,135.8667,-34.7333,11.43,70,4.59,10,AU,1689686408
garbahaarrey,42.2209,3.3289,33.26,30,9.36,92,SO,1689686408
badger,-147.5333,64.8,15.87,84,2.57,100,US,1689686409
edinburgh of the seven seas,-12.3116,-37.0676,14.11,85,12.9,100,SH,1689686353
palmer,-72.3287,42.1584,24.43,80,2.57,75,US,1689686410
albany,-73.9662,42.6001,22.89,83,1.03,79,US,1689686410
longyearbyen,15.6401,78.2186,10.91,54,1.54,40,SJ,1689686338
castillos,-53.8333,-34.1667,7.56,70,2.96,99,UY,1689686411
korgan,37.3467,40.8247,20.4,64,3.73,4,TR,1689686412
kudymkar,54.656,59.0173,19.54,80,3.46,100,RU,1689686412
carnarvon,113.6333,-24.8667,18.97,76,4.58,0,AU,1689686413
'ain el bell,3.2247,34.3438,37.69,7,4.92,3,DZ,1689686413
faya-largeau,19.1043,17.9257,43.22,8,0.95,74,TD,1689686414
igarka,86.5833,67.4667,18.03,60,6.22,100,RU,1689686414
les anglais,-74.2197,18.3054,28.69,71,4.75,100,HT,1689686415
kurkino,38.6582,53.4257,26.75,58,6.85,99,RU,1689686415
whitehorse,-135.0538,60.7161,12.41,82,2.06,75,CA,1689686416
utrik,169.8474,11.2278,28.03,77,6.33,36,MH,1689686416
saipan,145.701,15.1355,28.14,100,3.09,40,MP,1689686417
colonia,6.95,50.9333,26.04,40,2.06,0,DE,1689686241
vadso,29.7487,70.0744,17.09,82,4.63,40,NO,1689686418
sharm el-sheikh,34.305,27.8518,36.18,35,4.5,0,EG,1689686401
akureyri,-18.0878,65.6835,9.96,71,5.14,100,IS,1689686134
afaahiti,-149.2833,-17.75,23.93,69,5.32,5,PF,1689686419
mersa matruh,27.2453,31.3525,30.76,49,6.14,0,EG,1689686420
yellowknife,-114.3525,62.456,16.29,67,2.57,100,CA,1689686420
khandyga,135.6,62.6667,17.52,94,2.33,62,RU,1689686421
adamstown,-130.1015,-25.066,21.01,77,2.69,99,PN,1689686421
hailar,119.7,49.2,22.26,71,4.57,4,CN,1689686422
margaret river,115.0667,-33.95,14.27,68,7.89,100,AU,1689686422
ushuaia,-68.3,-54.8,2.81,65,2.57,40,AR,1689686232
ujae,165.7642,8.9322,28.53,77,6.28,79,MH,1689686424
muravlenko,74.523,63.7898,25.26,42,3.44,93,RU,1689686424
hermanus,19.2345,-34.4187,17.11,82,9.84,86,ZA,1689686310
ilulissat,-51.1,69.2167,7.01,93,3.09,75,GL,1689686426
minas de marcona,-75.1103,-15.2119,12.45,81,4.2,38,PE,1689686427
bilibino,166.4372,68.0546,13.49,83,0.44,21,RU,1689686428
al ghayzah,52.176,16.2079,28.28,77,5.42,26,YE,1689686428
karratha,116.8463,-20.7377,21.41,38,2.87,29,AU,1689686429
arnprior,-76.3494,45.4334,20.98,66,1.27,100,CA,1689686429
ancud,-73.8203,-41.8697,3.68,81,2.64,100,CL,1689686430
georgetown,100.3354,5.4112,29.97,74,2.06,20,MY,1689686309
vostochnyy,37.8667,55.8167,22.86,46,4.15,100,RU,1689686431
sesheke,24.2968,-17.4759,27.27,18,2.22,0,ZM,1689686431
kyren,102.1408,51.6828,16.0,84,1.66,51,RU,1689686432
san fernando de monte cristi,-71.65,19.8667,29.22,66,6.08,92,DO,1689686432
baruun-urt,113.2792,46.6806,22.07,58,3.21,34,MN,1689686433
ribeira grande,-28.7,38.5167,22.22,68,2.68,20,PT,1689686433
tazacorte,-17.9293,28.629,24.53,69,4.63,75,ES,1689686406
namibe,12.1522,-15.1961,26.32,43,4.26,0,AO,1689686434
korla,86.1469,41.7597,35.45,17,3.26,3,CN,1689686434
papatowai,169.4708,-46.5619,10.78,65,5.74,39,NZ,1689686435
horta,-28.6333,38.5333,21.68,74,2.68,20,PT,1689686435
blackmans bay,147.3167,-43.0167,6.49,73,8.03,41,AU,1689686436
wailua homesteads,-159.378,22.0669,22.95,90,6.69,100,US,1689686436
invercargill,168.35,-46.4,7.89,81,3.37,29,NZ,1689686437
rayon,-99.5836,19.1444,9.06,90,1.4,100,MX,1689686437
praia da vitoria,-27.0667,38.7333,23.14,64,0.98,40,PT,1689686438
mary,62.5,37.0,37.29,20,7.96,5,TM,1689686032
iqaluit,-68.5145,63.7506,5.85,100,2.57,100,CA,1689686439
puerto ayora,-90.3518,-0.7393,25.31,94,3.13,92,EC,1689686439
magdagachi,125.8,53.45,21.3,54,2.11,18,RU,1689686440
acapulco de juarez,-99.8901,16.8634,26.9,78,2.57,75,MX,1689686440
queenstown,26.8753,-31.8976,22.2,19,12.0,0,ZA,1689686441
tomatlan,-105.25,19.9333,24.85,94,1.76,100,MX,1689686441
fale old settlement,-171.2468,-9.3852,27.75,79,3.6,100,TK,1689686442
princeville,-61.2985,45.7668,23.28,93,4.12,100,CA,1689686442
banda aceh,95.3222,5.5577,27.61,77,6.76,100,ID,1689686442
celestun,-90.4,20.8667,26.62,83,3.57,9,MX,1689686443
tongliao,122.2653,43.6125,24.76,68,4.41,6,CN,1689686242
opuwo,13.84,-18.0607,25.38,11,5.11,0,NA,1689686444
veraval,70.3667,20.9,28.12,83,8.16,100,IN,1689686444
new norfolk,147.0587,-42.7826,7.09,73,4.13,70,AU,1689686445
thompson,-97.8558,55.7435,11.09,100,0.0,20,CA,1689686446
turpan,89.1667,42.9333,39.81,15,8.2,100,CN,1689686446
bikenibeu village,173.1241,1.3673,26.98,89,0.51,75,KI,1689686447
hilo,-155.09,19.7297,23.92,84,2.57,100,US,1689686447
kerikeri,173.9474,-35.2268,9.29,95,1.51,13,NZ,1689686448
manaure,-72.4445,11.7751,28.9,70,7.44,99,CO,1689686448
ust-nera,143.2,64.5667,15.37,46,2.17,13,RU,1689686449
gamba,10.0,-2.65,25.65,71,4.28,68,GA,1689686449
hamilton,-84.5333,39.1834,19.81,93,3.09,75,US,1689686450
yoloten,62.3597,37.2989,36.8,21,8.46,76,TM,1689686450
sur,59.5289,22.5667,37.63,42,1.37,95,OM,1689686451
fortuna,-124.1573,40.5982,13.44,94,0.0,100,US,1689686452
kokopo,152.2633,-4.352,25.0,86,3.03,99,PG,1689686452
mugia,-9.2179,43.1041,25.51,76,7.27,23,ES,1689686453
la'ie,-157.9253,21.6477,24.97,82,5.81,66,US,1689686453
san antonio de pale,5.6325,-1.4014,23.43,83,4.16,11,GQ,1689686454
muleba,31.6544,-1.8397,24.97,40,2.71,5,TZ,1689686454
east london,27.9116,-33.0153,22.52,49,3.09,0,ZA,1689686455
uige,15.0613,-7.6087,35.53,14,1.63,12,AO,1689686455
bashmakovo,43.0342,53.2133,23.99,63,3.64,97,RU,1689686456
avrille,-0.5833,47.5,27.99,22,3.15,32,FR,1689686305
esqueda,-109.5833,30.7167,26.84,50,0.79,100,MX,1689686457
olonkinbyen,-8.7187,70.9221,4.48,90,8.7,45,SJ,1689686457
egilsstadir,-14.3948,65.2653,10.95,66,7.2,75,IS,1689686458
madinat ash shamal,51.2009,26.1293,36.32,51,3.86,0,QA,1689686458
faro,-7.9322,37.0194,26.88,54,3.6,0,PT,1689686457
saint joseph,-94.8466,39.7686,18.35,91,3.09,0,US,1689686459
carauari,-66.8958,-4.8828,25.99,83,0.56,3,BR,1689686460
iskateley,53.1512,67.6803,23.13,56,6.44,97,RU,1689686460
anar darah,61.654,32.7587,39.97,11,12.98,0,AF,1689686461
barcelona,2.159,41.3888,33.14,63,7.2,0,ES,1689686247
kuqa,82.9364,41.7278,37.28,13,3.1,4,CN,1689686462
tejen,60.5054,37.3834,34.83,26,5.23,48,TM,1689686463
solnechnyy,136.6319,50.7214,19.96,75,2.03,0,RU,1689686464
kasane,25.15,-17.8167,26.05,22,3.6,0,BW,1689686464
baise city,106.6133,23.8997,22.79,98,2.01,100,CN,1689686465
alto araguaia,-53.2153,-17.3147,27.54,31,2.47,5,BR,1689686465
constantia,28.65,44.1833,34.38,57,8.91,50,RO,1689686466
tqvarch'eli,41.6801,42.8404,23.86,68,2.6,53,GE,1689686467
santana,-51.1817,-0.0583,29.1,70,2.57,75,BR,1689686467
tolanaro,46.9987,-25.0319,25.04,73,6.69,20,MG,1689686468
isiro,27.616,2.7739,32.17,40,0.26,54,CD,1689686468
guerrero negro,-114.0611,27.9769,19.23,89,3.47,0,MX,1689686469
nadym,72.5167,65.5333,23.85,41,4.99,83,RU,1689686470
fisterra,-9.2629,42.9049,25.42,79,9.49,5,ES,1689686470
serdar,56.2757,38.9764,32.45,29,3.71,4,TM,1689686471
rio grande,-52.0986,-32.035,6.64,73,5.03,100,BR,1689686471
sungai raya,108.9,0.7,26.56,85,1.73,22,ID,1689686472
aguas vermelhas,-41.46,-15.7472,24.75,40,2.65,6,BR,1689686472
tessaoua,7.9874,13.7574,36.95,31,4.47,100,NE,1689686473
neryungri,124.6491,56.6709,16.3,96,1.24,100,RU,1689686474
columbia falls,-114.1815,48.3725,11.7,63,2.57,0,US,1689686474
petropavlovsk-kamchatsky,158.6483,53.0452,12.33,88,2.0,0,RU,1689686475
zapolyarnyy,30.8136,69.4154,18.6,61,4.21,100,RU,1689686475
alofi,-169.9187,-19.0595,20.94,83,5.66,100,NU,1689686476
mahina,-149.489,-17.5065,24.87,65,4.12,20,PF,1689686476
flagstaff,-111.6513,35.1981,17.0,53,0.0,0,US,1689686477
tual,132.75,-5.6667,26.69,84,9.21,2,ID,1689686478
kitimat,-128.6534,54.0524,14.61,67,0.45,100,CA,1689686478
maubin,95.65,16.7333,26.74,83,4.12,100,MM,1689686185
port mathurin,63.4167,-19.6833,23.27,83,12.36,100,MU,1689686479
portland,-122.6762,45.5234,12.89,85,3.09,0,US,1689686077
kingscliff,153.5667,-28.2667,14.89,94,0.0,100,AU,1689686480
volzhskiy,44.7797,48.7858,29.73,40,4.73,74,RU,1689686365
punta arenas,-70.9167,-53.15,3.06,81,5.14,0,CL,1689686481
garoowe,48.4845,8.4054,32.6,32,12.76,94,SO,1689686482
porto novo,2.6036,6.4965,29.9,66,5.43,63,BJ,1689686482
arraial do cabo,-42.0278,-22.9661,23.92,73,2.06,40,BR,1689686483
sao jose da coroa grande,-35.1478,-8.8978,26.42,71,4.9,16,BR,1689686483
bethel,-73.414,41.3712,25.17,81,2.06,0,US,1689686484
nar'yan-mar,53.087,67.6713,22.93,58,6.35,98,RU,1689686397
mejit,170.8646,10.2753,27.99,81,6.21,72,MH,1689686485
chinde,88.0763,26.8418,21.2,82,1.15,63,NP,1689686486
tuy hoa,109.3,13.0833,28.5,72,2.69,100,VN,1689686486
juhaynah,31.4976,26.6732,43.18,11,6.26,0,EG,1689686487
indre arna,5.4764,60.4247,14.63,1,2.61,99,NO,1689686487
bilajer,50.0378,40.5681,26.9,61,2.06,20,AZ,1689686488
anadyr,177.4833,64.75,17.28,72,5.0,0,RU,1689686488
coquimbo,-71.3436,-29.9533,13.85,71,3.09,0,CL,1689686489
george town,100.3354,5.4112,29.97,74,2.06,20,MY,1689686309
hawaiian paradise park,-154.9731,19.5933,23.82,86,2.57,100,US,1689686490
cabo san lucas,-109.9124,22.8909,30.67,72,0.45,73,MX,1689686256
wynyard,145.7167,-41.0,7.81,72,5.27,11,AU,1689686491
mitu,-70.1733,1.1983,24.03,92,0.85,43,CO,1689686491
buka,69.1986,40.8108,41.33,10,7.32,0,UZ,1689686492
dudinka,86.1778,69.4058,14.25,74,6.86,100,RU,1689686492
tadine,167.8833,-21.55,20.82,73,7.63,82,NC,1689686493
luderitz,15.1594,-26.6481,20.37,57,9.7,0,NA,1689686493
sisimiut,-53.6735,66.9395,8.57,90,1.61,100,GL,1689686494
hualien city,121.6044,23.9769,27.44,92,2.88,100,TW,1689686494
singkil,111.4161,-7.9855,22.24,90,3.08,40,ID,1689686495
ceeldheer,47.1806,3.8488,28.3,61,11.97,35,SO,1689686495
lamu,40.902,-2.2717,28.12,72,7.61,12,KE,1689686418
san jose,-121.895,37.3394,15.34,78,17.43,20,US,1689686496
luanda,13.2343,-8.8368,24.0,69,4.12,75,AO,1689686418
chiba,140.1233,35.6047,26.82,71,2.0,99,JP,1689686497
djougou,1.666,9.7085,32.64,50,1.53,28,BJ,1689686498
shenjiamen,122.298,29.9576,27.43,87,1.62,95,CN,1689686498
nassau,-73.5829,40.7507,26.76,80,4.12,75,US,1689686499
taghazout,-9.7112,30.5426,31.43,62,2.66,25,MA,1689686499
edinboro,-80.1317,41.8742,19.76,93,0.45,3,US,1689686500
sarmiento,-69.07,-45.5882,-5.8,89,1.1,13,AR,1689686501
luganville,167.1667,-15.5333,24.57,87,6.8,98,VU,1689686501
calderitas,-88.25,18.55,26.06,89,0.0,75,MX,1689686502
mount pearl,-52.7813,47.5166,23.47,87,7.72,100,CA,1689686502
burgos,-3.7079,42.3394,32.23,22,7.2,0,ES,1689685867
smithers,-127.1743,54.7804,13.18,76,1.03,75,CA,1689686503
isangel,169.2667,-19.55,22.28,79,6.97,100,VU,1689686503
enewetak,162.3373,11.3474,28.63,79,6.76,50,MH,1689686504
tiksi,128.8694,71.6872,6.91,78,4.84,100,RU,1689686504
broome,-75.833,42.2506,20.89,92,3.6,75,US,1689686505
thunder bay,-89.3168,48.4001,14.95,82,3.6,75,CA,1689686505
klyuchi,79.1667,52.2667,29.09,29,5.04,45,RU,1689686506
hit,42.8251,33.6416,43.18,5,6.8,0,IQ,1689686506
port douglas,145.4667,-16.4833,21.7,82,3.22,31,AU,1689686507
lihue,-159.3672,21.9789,25.61,90,6.69,100,US,1689686507
vilyuchinsk,158.4028,52.9306,13.15,91,4.2,20,RU,1689686508
katsuura,140.3,35.1333,25.64,89,3.67,100,JP,1689686509
jamestown,-79.2353,42.097,20.37,93,0.45,42,US,1689686509
polyarnyy,33.4478,69.1989,18.47,61,2.61,100,RU,1689686510
djibo,-1.6306,14.1022,36.5,33,2.9,73,BF,1689686510
tadmur,38.2805,34.5608,39.58,8,6.73,0,SY,1689686395
fort bragg,-79.006,35.139,25.37,74,0.89,0,US,1689686511
mzuzu,34.0207,-11.4656,21.4,40,3.19,11,MW,1689686512
jesup,-81.8854,31.6074,25.38,88,0.0,0,US,1689686512
takayama,137.25,36.1333,20.73,96,1.24,100,JP,1689686513
lodja,23.4333,-3.4833,39.32,13,1.58,54,CD,1689686513
zambezi,23.1047,-13.5432,29.45,17,1.64,1,ZM,1689686514
wattegama,81.4808,6.7989,29.34,52,5.71,12,LK,1689686514
cidreira,-50.2056,-30.1811,11.02,66,2.94,88,BR,1689686515
el haouaria,11.0144,37.05,39.01,54,5.1,0,TN,1689686515
newman,-121.0208,37.3138,21.1,77,2.03,0,US,1689686516
ta`u,-169.5144,-14.2336,26.5,80,3.29,39,AS,1689686516
canutama,-64.3831,-6.5339,29.2,58,1.06,0,BR,1689686517
nova vicosa,-39.3719,-17.8919,25.94,67,4.48,6,BR,1689686517
dumai,101.45,1.6833,24.5,97,1.25,100,ID,1689686518
sabzevar,57.6819,36.2126,36.6,28,6.17,40,IR,1689686518
talcahuano,-73.1167,-36.7167,7.82,76,4.12,0,CL,1689686222
atafu village,-172.5159,-8.5421,27.79,81,3.71,81,TK,1689686519
bamboo flat,92.7167,11.7,29.05,79,5.66,75,IN,1689686519
chaltyr,39.4823,47.2848,30.19,36,3.58,100,RU,1689686520
takoradi,-1.7554,4.8845,26.02,84,5.5,70,GH,1689686387
la passe,-0.8967,45.5549,32.13,49,6.76,4,FR,1689686521
nemuro,145.575,43.3236,13.35,93,3.58,100,JP,1689686521
marat,45.4615,25.0701,43.75,5,6.09,0,SA,1689686522
kupang,123.5833,-10.1667,24.76,73,6.12,55,ID,1689686523
nguigmi,13.1092,14.2495,37.36,30,6.17,94,NE,1689686523
gadzhiyevo,33.3362,69.2551,18.74,59,2.75,100,RU,1689686524
howard springs,131.047,-12.497,23.95,66,1.96,32,AU,1689686524
lebu,-73.65,-37.6167,8.7,64,3.22,100,CL,1689686525
howrah,88.3103,22.5892,30.0,84,2.06,75,IN,1689686525
altinopolis,-47.3739,-21.0256,21.64,38,0.97,15,BR,1689686526
lashkar gah,64.3716,31.5938,43.79,5,3.35,0,AF,1689686404
cascais,-9.4215,38.6979,26.68,54,7.72,20,PT,1689686527
mana,-53.7767,5.6592,27.88,74,3.21,6,GF,1689686527
tregunc,-3.85,47.85,21.86,57,7.09,0,FR,1689686528
isafjordur,-23.124,66.0755,9.02,76,3.09,0,IS,1689686528
kismayo,42.5454,-0.3582,26.96,70,8.54,12,SO,1689686523
grootfontein,18.1167,-19.5667,23.76,16,3.09,0,NA,1689686529
carinhanha,-43.765,-14.3047,27.68,35,3.4,6,BR,1689686530
midoun,10.9923,33.8081,35.92,42,2.8,0,TN,1689686530
shakawe,21.85,-18.3667,26.71,13,2.57,0,BW,1689686531
giyani,30.7187,-23.3025,25.93,18,1.73,0,ZA,1689686532
poltavka,71.7632,54.3663,30.11,37,8.27,100,RU,1689686533
port saint john's,29.5448,-31.6229,25.62,44,3.68,0,ZA,1689686534
flin flon,-101.865,54.7682,15.91,82,2.57,100,CA,1689686534
selfoss,-20.9971,63.9331,17.8,50,3.07,2,IS,1689686535
lompoc,-120.4579,34.6391,13.91,97,0.0,100,US,1689686535
soe,124.284,-9.8607,16.45,90,1.83,81,ID,1689686536
nyagan,65.3936,62.1406,27.25,39,3.26,65,RU,1689686536
okhotsk,143.3,59.3833,15.04,69,4.07,8,RU,1689686537
orsa,30.4053,54.5153,16.94,80,7.58,100,BY,1689686537
itaituba,-55.9836,-4.2761,30.09,70,0.0,0,BR,1689686538
tura,90.2201,25.5198,25.88,93,1.17,90,IN,1689686538
abbeville,1.8333,50.1,27.41,41,0.44,100,FR,1689686539
kiunga,141.2906,-6.1219,22.44,98,1.41,100,PG,1689686539
crane,-102.3501,31.3974,25.73,51,7.1,0,US,1689686540
khovd,91.6419,48.0056,24.91,26,2.07,75,MN,1689686540
anisoc,10.7689,1.8658,30.39,58,0.24,82,GQ,1689686541
sompeta,84.6,18.9333,25.99,93,5.63,100,IN,1689686541
bonthe,-12.505,7.5264,26.71,81,3.76,100,SL,1689686542
kapa'a,-159.319,22.0752,23.83,88,6.69,100,US,1689686542
kingston,-76.7936,17.997,27.53,83,2.57,40,JM,1689686448
anupgarh,73.2086,29.1911,40.74,30,5.25,100,IN,1689686543
yemva,50.8594,62.59,25.08,45,2.22,51,RU,1689686544
tucupita,-62.051,9.0622,30.33,60,2.48,8,VE,1689686544
xilin hot,116.0333,43.9667,23.54,42,2.93,86,CN,1689686545
sinop,34.8709,41.7711,23.24,46,3.75,0,TR,1689686545
matoury,-52.3317,4.8483,26.98,89,0.0,100,GF,1689686546
standerton,29.2415,-26.9337,21.44,17,4.17,0,ZA,1689686546
al kharijah,30.5464,25.4514,42.86,10,5.14,0,EG,1689686547
argo,22.7333,37.6333,35.44,20,7.59,0,GR,1689686547
cockburn town,-71.1419,21.4612,28.34,84,9.66,100,TC,1689686548
kapuskasing,-82.4331,49.4169,15.0,94,3.09,100,CA,1689686548
mozarlandia,-50.5706,-14.7447,31.91,27,1.28,35,BR,1689686549
laojunmiao,97.7333,39.8333,28.41,17,2.0,100,CN,1689686550
port blair,92.75,11.6667,29.02,79,5.66,75,IN,1689686550
odacho-oda,132.5,35.1833,24.78,90,3.24,78,JP,1689686551
kolonia,6.95,50.9333,26.2,40,2.06,0,DE,1689686424
aasiaat,-52.8699,68.7098,3.07,91,3.06,100,GL,1689686455
dalby,151.2667,-27.1833,13.67,70,3.22,75,AU,1689686552
daru,143.2092,-9.0763,24.16,87,5.04,11,PG,1689686553
al burayqah,19.5739,30.4062,29.01,70,8.8,0,LY,1689686553
box elder,-112.8764,41.5005,22.22,57,1.85,60,US,1689686554
kalkandere,40.4419,40.928,24.33,57,2.75,3,TR,1689686554
limassol,33.0333,34.675,34.04,52,4.12,20,CY,1689686098
pangoa,-73.0,-12.1167,20.37,96,0.89,98,PE,1689686555
pariaman,100.12,-0.619,25.03,86,1.06,100,ID,1689686556
vila franca do campo,-25.4333,37.7167,22.23,63,0.36,66,PT,1689686556
benguela,13.4055,-12.5763,25.03,71,4.14,34,AO,1689686557
san luis,-66.3356,-33.295,7.88,52,5.28,20,AR,1689686557
luoyang,112.4536,34.6836,28.6,51,3.7,1,CN,1689686558
bhadasar,74.3167,28.2833,36.11,44,3.05,80,IN,1689686558
thurso,-3.5259,58.5927,12.14,74,3.5,98,GB,1689686275
sola,167.55,-13.8833,25.62,82,10.3,98,VU,1689686559
amga,131.9608,60.8953,17.58,98,1.88,39,RU,1689686559
broken hill,141.4333,-31.95,10.49,68,3.92,51,AU,1689686560
pimentel,-79.9342,-6.8367,21.16,83,2.57,0,PE,1689686560
santa rosalia,-112.2833,27.3167,30.59,50,1.31,13,MX,1689686561
mount gambier,140.7667,-37.8333,5.11,83,0.79,10,AU,1689686561
uturoa,-151.4333,-16.7333,26.02,65,4.63,5,PF,1689686562
marka,44.7717,1.7159,26.79,71,9.05,10,SO,1689686562
gaiman,-65.4929,-43.2897,1.33,65,2.68,0,AR,1689686563
el granada,-122.4694,37.5027,13.28,90,4.63,100,US,1689686563
lerwick,-1.1494,60.1545,14.0,71,8.38,75,GB,1689686432
athens,23.7162,37.9795,36.27,36,6.71,20,GR,1689686198
sorong,131.25,-0.8833,26.2,85,6.28,100,ID,1689686565
lagoa,-27.9833,39.05,19.92,63,2.64,100,PT,1689686565
el alto,-81.2147,-4.2714,21.81,70,2.95,12,PE,1689686566
eduardo castex,-64.2945,-35.915,3.94,59,5.28,96,AR,1689686566
zhanaozen,52.8,43.3,27.99,30,8.64,16,KZ,1689686567
whakatane,176.9854,-37.9585,8.14,91,3.38,21,NZ,1689686567
maffra,146.9833,-37.9667,6.8,78,4.43,8,AU,1689686568
kone,164.8658,-21.0595,20.29,81,2.36,78,NC,1689686568
fort st. john,-120.8529,56.2499,12.94,76,3.09,75,CA,1689686569
yaren,166.916,-0.5472,28.83,73,1.16,100,NR,1689686569
las heras,-68.9359,-46.5419,-6.77,86,4.13,5,AR,1689686570
nouadhibou,-17.0347,20.931,28.99,54,5.66,16,MR,1689686558
lorengau,147.2712,-2.0226,27.29,79,2.74,100,PG,1689686571
san mariano,126.0,7.5,23.08,88,0.9,100,PH,1689686571
polignano a mare,17.2159,40.9959,34.96,59,5.45,0,IT,1689686507
pacocha,-71.3333,-17.5833,17.08,82,2.57,100,PE,1689686572
sao joao da barra,-41.0511,-21.6403,25.05,74,0.79,0,BR,1689686572
la plata,-57.9545,-34.9215,6.03,73,1.23,0,AR,1689686573
ambovombe,46.0833,-25.1667,22.83,70,5.77,0,MG,1689686574
eragny,2.1,49.0167,28.01,33,1.54,0,FR,1689686574
kamalganj,79.65,27.2667,34.22,50,5.7,100,IN,1689686575
touros,-35.4608,-5.1989,26.87,73,7.08,33,BR,1689686575
inongo,18.2667,-1.95,25.97,44,0.06,18,CD,1689686576
monteagudo,-63.9833,-19.8167,12.33,71,1.02,100,BO,1689686576
youssoufia,-8.5294,32.2463,39.17,20,3.44,46,MA,1689686458
bereket,55.5154,39.2446,32.7,26,3.37,0,TM,1689686577
oppdal,9.6912,62.5943,13.78,61,1.57,99,NO,1689686578
mila,6.2644,36.4503,41.44,7,1.49,53,DZ,1689686579
westport,-73.3579,41.1415,26.01,86,1.54,100,US,1689686579
kargasok,80.8572,59.0556,23.22,59,2.59,98,RU,1689686439
paragominas,-47.4833,-2.9667,29.26,59,2.68,5,BR,1689686580
hirara,125.2833,24.8,26.15,94,2.06,100,JP,1689686581
skovorodino,123.9167,53.9833,19.28,87,2.01,46,RU,1689686581
tocopilla,-70.1979,-22.092,20.71,54,3.57,0,CL,1689686582
ola,151.2833,59.5833,12.53,95,0.68,67,RU,1689686582
nanga eboko,12.3667,4.6833,29.18,63,1.17,100,CM,1689686583
sagaing,95.9797,21.8787,33.1,58,1.54,75,MM,1689686583
lata,-8.3327,40.1629,22.67,25,4.02,0,PT,1689686584
pachino,15.0907,36.7186,30.95,46,2.23,0,IT,1689686584
worland,-107.9554,44.0169,18.81,63,2.57,0,US,1689686585
richards bay,32.0377,-28.783,27.1,32,5.47,0,ZA,1689686445
tazovsky,78.7,67.4667,16.32,60,3.68,69,RU,1689686586
el nido,119.3956,11.1858,27.47,80,3.7,100,PH,1689686586
eastham,-69.9739,41.8301,22.73,93,2.06,100,US,1689686587
itoman,127.6694,26.1247,29.01,84,5.14,75,JP,1689686587
dunedin,170.5036,-45.8742,8.58,81,1.95,100,NZ,1689686588
antsiranana,49.2917,-12.2787,27.42,50,8.23,20,MG,1689686588
nantucket,-70.0995,41.2835,21.18,100,3.6,100,US,1689686589
ekuvukeni,30.1551,-28.4675,26.31,12,5.5,0,ZA,1689686589
ad dawadimi,44.3924,24.5077,42.64,6,4.3,2,SA,1689686590
uray,64.7758,60.1247,26.85,51,3.48,100,RU,1689686590
ad-damazin,34.3592,11.7891,35.22,38,4.2,29,SD,1689686591
nsanje,35.262,-16.92,28.87,27,0.62,0,MW,1689686591
gewane,40.6453,10.1664,38.59,19,0.54,8,ET,1689686592
lospalos,127.0025,-8.5186,20.96,84,2.7,15,TL,1689686592
erenhot,111.9767,43.6475,27.6,34,8.62,39,CN,1689686593
lisakovsk,62.4936,52.5369,21.93,62,5.52,69,KZ,1689686593
santa ana,-117.8678,33.7456,19.1,93,2.06,20,US,1689686327
susuman,148.1667,62.7833,12.94,56,1.65,86,RU,1689686594
malaga,-4.4203,36.7202,31.8,58,4.63,0,ES,1689685889
puerto lempira,-83.7667,15.2667,26.08,83,0.0,20,HN,1689686595
morondava,44.2833,-20.2833,25.36,66,6.68,0,MG,1689686596
yaizu,138.3333,34.8667,28.38,84,1.42,100,JP,1689686596
kailua-kona,-155.9956,19.6406,22.68,83,4.12,0,US,1689686597
punta del este,-54.95,-34.9667,9.03,72,6.26,20,UY,1689686597
seabra,-41.7703,-12.4186,22.96,48,4.85,0,BR,1689686598
bornos,-5.7445,36.8168,30.08,18,5.8,98,ES,1689686598
sinabang,96.3801,2.4803,26.51,83,3.87,100,ID,1689686599
ponta delgada,-25.6667,37.7333,22.4,68,3.09,20,PT,1689686331
nuku'alofa,-175.2,-21.1333,20.19,77,4.12,20,TO,1689686600
port elizabeth,25.5701,-33.918,19.16,77,8.75,20,ZA,1689686504
breckenridge,-98.9023,32.7557,29.92,42,5.14,0,US,1689686601
jayapura,140.7,-2.5333,25.66,87,0.98,92,ID,1689686402
charters towers,146.2667,-20.1,17.78,71,4.89,76,AU,1689686602
tshabong,22.45,-26.05,24.93,14,4.26,0,BW,1689686603
sandnessjoen,12.6316,66.0217,14.06,82,6.69,75,NO,1689686603
balaklava,33.6,44.5,27.99,43,4.51,12,UA,1689686604
sao raimundo das mangabeiras,-45.4811,-7.0219,30.73,33,5.46,5,BR,1689686604
nizhnyaya salda,60.7202,58.0776,16.67,97,1.65,100,RU,1689686605
christchurch,172.6333,-43.5333,5.65,74,1.03,1,NZ,1689686526
rongelap,166.8941,11.1635,28.54,77,6.69,21,MH,1689686607
bridgewater,-64.5155,44.3835,24.29,91,0.45,67,CA,1689686607
tyup,78.3648,42.7276,22.12,56,3.48,2,KG,1689686608
san pedro pochutla,-96.4667,15.7333,24.84,67,1.58,54,MX,1689686608
tukrah,20.5791,32.5341,30.98,56,8.84,0,LY,1689686321
mankono,-6.1897,8.0586,26.93,77,2.01,100,CI,1689686609
jeddah,39.2192,21.5169,39.92,16,6.17,20,SA,1689686492
obidos,-55.5181,-1.9175,30.14,56,2.56,21,BR,1689686610
thinadhoo,72.9333,0.5333,28.76,69,2.61,95,MV,1689686611
saint-philippe,55.7679,-21.3585,23.77,77,5.6,39,RE,1689686611
port augusta,137.7667,-32.5,9.88,90,2.38,6,AU,1689686612
ar rutbah,40.2848,33.0381,38.86,8,5.78,0,IQ,1689686612
villanueva,-88.0,15.3167,24.55,100,1.54,20,HN,1689686613
gifford,-80.4092,27.6753,28.33,81,3.6,0,US,1689686613
bardai,7.2333,11.65,34.43,35,1.4,63,NG,1689686614
mournies,24.0092,35.4764,31.22,48,5.14,0,GR,1689686614
coxim,-54.76,-18.5067,26.14,47,2.9,91,BR,1689686615
lazaro cardenas,-102.2,17.9583,26.51,77,2.01,100,MX,1689686615
gilgit,74.3087,35.9221,37.08,20,1.28,2,PK,1689686616
esquel,-71.3167,-42.9,-1.77,71,0.8,100,AR,1689686617
matane,-67.522,48.8286,21.04,77,1.92,100,CA,1689686617
revda,59.9303,56.801,19.65,71,3.98,100,RU,1689686115
kavaratti,72.642,10.5669,28.01,80,9.44,73,IN,1689686618
dalandzadgad,104.425,43.5708,29.53,22,7.53,100,MN,1689686618
grajau,-46.1386,-5.8194,31.39,32,4.67,1,BR,1689686619
bac lieu,105.7244,9.285,26.83,84,5.86,100,VN,1689686619
perros-guirec,-3.4396,48.8145,21.32,64,4.63,0,FR,1689686620
pandharpur,75.3333,17.6667,22.32,91,7.31,100,IN,1689686620
pocone,-56.6228,-16.2567,24.1,50,2.62,62,BR,1689686621
fort mcmurray,-111.381,56.7268,15.73,94,3.09,0,CA,1689686622
axim,-2.2405,4.8699,25.94,83,5.17,85,GH,1689686622
jand,72.0193,33.4299,41.19,27,2.86,15,PK,1689686622
ust'-barguzin,108.9833,53.45,12.3,85,1.68,7,RU,1689686623
togur,82.8265,58.3631,22.06,59,1.76,100,RU,1689686624
san luis de la loma,-100.8939,17.2706,26.57,74,2.03,100,MX,1689686624
point pedro,80.2333,9.8167,27.79,82,9.78,100,LK,1689686625
paraisopolis,-45.78,-22.5542,22.24,56,0.86,24,BR,1689686626
krasnogvardeyskoye,41.5186,45.8456,27.82,38,4.33,44,RU,1689686626
kasongo-lunda,16.8167,-6.4667,36.93,13,2.46,6,CD,1689686627
barra de santo antonio,-35.5072,-9.4047,27.6,69,4.13,1,BR,1689686627
bayanaul,75.6956,50.7889,30.16,25,5.9,11,KZ,1689686628
kalmunai,81.8167,7.4167,31.16,56,1.58,51,LK,1689686628
guadalajara,-103.3333,20.6667,16.87,88,0.0,40,MX,1689686629
vila velha,-40.2925,-20.3297,27.19,70,3.09,0,BR,1689686629
rossosh',38.5116,51.1209,26.42,55,4.79,100,RU,1689686630
margate,1.3862,51.3813,19.78,65,5.81,37,GB,1689686187
plettenberg bay,23.3716,-34.0527,17.26,73,3.13,6,ZA,1689686631
cunha,-44.9597,-23.0744,16.41,71,1.21,85,BR,1689686632
saldanha,17.9442,-33.0117,15.03,85,7.53,94,ZA,1689686632
keflavik,-22.5624,64.0049,13.24,67,6.17,40,IS,1689686633
ishigaki,124.1572,24.3448,27.07,94,3.09,73,JP,1689686633
tongchuanshi,109.0897,35.0806,24.3,52,3.47,0,CN,1689686634
sirre,39.4833,8.3167,25.27,49,3.07,79,ET,1689686634
kirkwall,-2.9587,58.9848,15.03,67,4.63,20,GB,1689686430
auki,160.7034,-8.7676,24.94,89,1.93,83,SB,1689686635
minna,6.5569,9.6139,30.84,70,2.06,75,NG,1689686358
murzuq,13.9184,25.9155,38.31,11,3.42,0,LY,1689686636
port alfred,26.891,-33.5906,19.54,79,3.58,3,ZA,1689686636
vegachi,-74.7947,6.7614,23.59,66,1.44,41,CO,1689686637
tsiombe,45.4833,-25.3,23.94,61,5.38,0,MG,1689686637
newark,-74.1724,40.7357,26.22,82,2.06,75,US,1689686638
guiuan,125.7247,11.0333,27.7,77,1.95,57,PH,1689686638
piti village,144.6933,13.4626,28.18,83,2.57,0,GU,1689686639
kalabo,22.6814,-14.97,28.64,18,1.54,0,ZM,1689686639
yuzhno-kurilsk,145.8556,44.0306,12.54,94,0.88,79,RU,1689686640
nova sintra,-24.7167,14.8667,22.76,74,7.21,30,CV,1689686640
taurage,22.2897,55.2522,20.95,47,8.33,39,LT,1689686641
manokwari,134.0833,-0.8667,26.73,80,1.34,98,ID,1689686641
as samawah,45.2944,31.332,45.84,7,4.37,0,IQ,1689686642
cruzeiro do sul,-51.9853,-29.5128,8.62,75,1.1,31,BR,1689686642
inari,27.0288,68.906,16.11,64,3.11,100,FI,1689686116
pathanamthitta,76.7833,9.2667,25.21,89,2.66,100,IN,1689686643
carovigno,17.655,40.708,33.04,49,7.57,0,IT,1689686484
siwa oasis,25.5195,29.2041,38.99,14,3.18,0,EG,1689686645
auchi,6.2667,7.0667,29.23,73,1.99,74,NG,1689686645
qalat,66.9083,32.1058,37.05,8,5.91,0,AF,1689686646
los palacios y villafranca,-5.9243,37.1618,36.46,36,3.09,0,ES,1689686646
agat village,144.6585,13.3886,28.06,83,2.57,0,GU,1689686647
ulladulla,150.4667,-35.35,12.58,49,5.27,0,AU,1689686648
claremont,-117.7198,34.0967,21.82,61,1.54,0,US,1689686648
rancho palos verdes,-118.387,33.7445,18.26,93,0.89,0,US,1689686649
bilovods'k,39.5897,49.2085,27.99,39,4.97,100,UA,1689686649
kapit,112.9333,2.0167,26.1,81,0.68,98,MY,1689686650
la crosse,-91.2396,43.8014,16.27,84,3.09,0,US,1689686650
keyes,-120.9155,37.5566,21.21,60,1.54,0,US,1689686651
arkalyk,66.9114,50.2486,24.4,48,4.61,43,KZ,1689686651
burang,81.1667,30.25,14.26,76,2.55,93,CN,1689686652
uliastay,96.8444,47.7417,18.73,41,3.92,9,MN,1689686653
arvika,12.5852,59.6553,19.34,40,3.91,99,SE,1689686468
vega de alatorre,-96.6333,20.0333,27.01,64,1.92,5,MX,1689686654
lycksele,18.6735,64.5954,17.93,52,4.12,75,SE,1689686654
natchitoches,-93.1335,31.7668,25.99,89,0.0,0,US,1689686655
hwange,26.5019,-18.3693,25.44,21,2.68,0,ZW,1689686655
pangkalanbuun,111.6167,-2.6833,25.11,84,1.7,63,ID,1689686656
bubaque,-15.8333,11.2833,25.81,85,3.71,96,GW,1689686657
belousovka,82.5239,50.1339,30.47,33,3.0,0,KZ,1689686657
valparaiso,-71.6273,-33.0393,16.13,51,2.57,0,CL,1689686603
adigrat,39.462,14.277,23.01,38,3.13,92,ET,1689686658
flying fish cove,105.6791,-10.4217,24.82,83,5.14,40,CX,1689686659
belel,14.4333,7.05,26.24,52,1.4,100,CM,1689686659
teteven,24.2667,42.9167,33.32,30,5.11,0,BG,1689686660
andergrove,149.1833,-21.0833,18.63,88,4.5,13,AU,1689686660
zheleznodorozhnyy,38.0042,55.7503,22.51,46,4.58,99,RU,1689686661
puerto baquerizo moreno,-89.6,-0.9,24.6,79,5.08,100,EC,1689686661
marsh harbour,-77.0636,26.5412,29.06,74,4.73,99,BS,1689686662
weno,151.8468,7.4515,27.97,83,1.54,100,FM,1689686663
labrador city,-66.9114,52.9463,18.95,63,5.14,75,CA,1689686663
al lagowa,29.1333,11.4,35.43,33,2.67,12,SD,1689686664
trumann,-90.5073,35.6737,27.06,88,2.85,100,US,1689686664
chibuto,33.5306,-24.6867,25.79,29,2.64,0,MZ,1689686665
port-la-nouvelle,3.05,43.0167,29.67,76,4.48,40,FR,1689686665
damghan,54.348,36.1683,30.56,33,4.05,67,IR,1689686666
guaruja,-46.2564,-23.9931,18.92,100,1.03,100,BR,1689686666
qaqortoq,-46.0333,60.7167,8.13,93,1.6,100,GL,1689686667
adamovka,59.9396,51.5223,21.35,58,3.2,98,RU,1689686667
ajaccio,8.9167,42.0,27.99,70,3.09,0,FR,1689686445
sangaria,74.45,29.8,36.8,43,4.55,100,IN,1689686668
salinas,-121.6555,36.6777,12.71,91,0.0,0,US,1689686403
wuyang,116.2472,31.9925,25.71,92,2.53,73,CN,1689686669
sabang,95.3214,5.8933,29.18,75,10.93,100,ID,1689686669
taichung,120.6839,24.1469,25.7,94,2.57,75,TW,1689686670
pavlogradka,73.5592,54.2024,29.41,42,6.36,100,RU,1689686670
beolgyo,127.3429,34.8449,23.86,99,1.01,88,KR,1689686671
holualoa,-155.9522,19.6228,20.56,83,4.12,0,US,1689686672
tamanrasset,5.5228,22.785,35.95,10,2.57,0,DZ,1689686672
callao,-77.15,-12.0667,21.16,68,1.54,75,PE,1689686631
cowra,148.6833,-33.8333,5.48,90,0.95,1,AU,1689686673
labuan,115.2417,5.2767,27.2,78,2.06,20,MY,1689686674
urucara,-57.76,-2.5364,30.14,55,1.8,34,BR,1689686674
loreto,-101.9667,22.2667,14.42,84,1.71,5,MX,1689686675
kingaroy,151.8333,-26.5333,11.74,92,1.72,49,AU,1689686675
piracuruca,-41.7092,-3.9281,33.35,34,4.22,0,BR,1689686676
pangody,74.4859,65.85,22.97,44,4.62,93,RU,1689686676
balykshi,51.8667,47.0667,30.0,28,8.0,75,KZ,1689686677
peace river,-117.286,56.2501,12.59,97,2.57,40,CA,1689686677
northam,-4.2167,51.0333,20.14,73,5.77,98,GB,1689686678
nkove,30.85,-7.95,25.57,43,0.77,4,TZ,1689686678
necochea,-58.7368,-38.5473,3.84,54,3.53,0,AR,1689686468
newport,-2.9984,51.5877,19.01,71,3.68,100,GB,1689686501
olyokminsk,120.4264,60.3736,13.85,74,2.33,99,RU,1689686681
menongue,17.691,-14.6585,27.75,10,1.84,0,AO,1689686681
chebarkul',60.3633,54.9749,18.72,87,3.44,100,RU,1689686682
mount isa,139.5,-20.7333,15.87,51,2.57,3,AU,1689686682
ternate,127.4,0.8,26.94,84,3.79,100,ID,1689686683
sao miguel do araguaia,-50.1628,-13.275,31.42,26,2.84,29,BR,1689686683
kochenevo,82.202,55.0218,24.66,40,3.32,21,RU,1689686684
anshun,105.9333,26.25,16.57,95,6.02,100,CN,1689686684
shingu,135.9833,33.7333,25.68,86,2.95,100,JP,1689686685
nizhnesortymskiy,71.7603,62.4397,26.55,37,2.48,30,RU,1689686685
aykhal,111.5,66.0,15.11,65,6.54,32,RU,1689686686
araxa,-46.9406,-19.5933,22.98,53,2.57,20,BR,1689686686
klaksvik,-6.589,62.2266,9.51,90,12.19,100,FO,1689686687
moramanga,48.2,-18.9333,20.06,63,2.96,60,MG,1689686688
abepura,140.5833,-2.6333,25.45,89,1.03,20,ID,1689686688
kapan,46.4058,39.2075,21.34,64,2.43,97,AM,1689686689
nabire,135.4833,-3.3667,24.95,90,2.5,37,ID,1689686690
codrington,141.9667,-38.2667,8.08,67,3.17,7,AU,1689686690
hithadhoo,73.0833,-0.6,28.12,71,2.14,43,MV,1689686691
mabaruma,-59.7833,8.2,28.8,72,1.75,1,GY,1689686691
ahmadnagar,74.7333,19.0833,23.4,88,8.16,100,IN,1689686692
kuching,110.3333,1.55,30.12,79,1.54,40,MY,1689686692
yanam,82.2167,16.7333,24.89,92,4.77,100,IN,1689686693
vernon,-119.2691,50.2581,12.21,77,2.57,1,CA,1689686620
newnham,147.1333,-41.3833,6.68,61,2.57,40,AU,1689686694
kuala belait,114.1833,4.5833,27.09,85,2.71,100,BN,1689686694
ambon,128.1814,-3.6954,24.08,100,3.09,40,ID,1689686695
dembi dolo,34.8,8.5333,20.79,74,1.91,87,ET,1689686695
east ballina,153.5833,-28.8667,13.78,85,2.21,65,AU,1689686696
sirsa,75.0167,29.5333,35.74,47,3.87,100,IN,1689686696
diamantino,-56.4461,-14.4086,28.04,38,2.42,11,BR,1689686697
augusto correa,-46.635,-1.0217,29.79,60,3.57,8,BR,1689686697
le portel,1.5757,50.7056,21.83,60,3.6,51,FR,1689686698
